cond,level,param,flag_blur,flag_dark,flag_glare,flag_any
baseline,0,0.0,0.0,0.0,0.0,0.0
blur,1,1.0,0.08333333333333333,0.0,0.0,0.08333333333333333
blur,2,2.0,1.0,0.0,0.0,1.0
blur,3,4.0,1.0,0.0,0.0,1.0
blur,4,8.0,1.0,0.0,0.0,1.0
night,1,0.6,0.8333333333333334,0.0,0.0,0.8333333333333334
night,2,0.35,1.0,1.0,0.0,1.0
night,3,0.2,1.0,1.0,0.0,1.0
night,4,0.1,1.0,1.0,0.0,1.0
glare,1,60.0,0.0,0.0,0.0,0.0
glare,2,120.0,0.0,0.0,0.4166666666666667,0.4166666666666667
glare,3,180.0,0.0,0.0,0.8333333333333334,0.8333333333333334
glare,4,255.0,0.3333333333333333,0.0,1.0,1.0
noise,1,5.0,0.0,0.0,0.0,0.0
noise,2,10.0,0.0,0.0,0.0,0.0
noise,3,20.0,0.0,0.0,0.0,0.0
noise,4,40.0,0.0,0.0,0.0,0.0
rain,1,200.0,0.0,0.0,0.0,0.0
rain,2,600.0,0.0,0.0,0.0,0.0
rain,3,1200.0,0.0,0.0,0.0,0.0
rain,4,2400.0,0.0,0.0,0.0,0.0
