cond,level,param,old_blur,old_any,new_blur,new_noise,new_rain,new_any
baseline,0,0.0,0.0,0.0,0.0,0.0,0.0,0.0
blur,1,1.0,0.16666666666666666,0.16666666666666666,0.0,0.0,0.0,0.0
blur,2,2.0,1.0,1.0,1.0,0.0,0.0,1.0
blur,3,4.0,1.0,1.0,1.0,0.0,0.0,1.0
blur,4,8.0,1.0,1.0,1.0,0.0,0.0,1.0
night,1,0.6,1.0,1.0,0.0,0.0,0.0,0.0
night,2,0.35,1.0,1.0,0.0,0.0,0.0,1.0
night,3,0.2,1.0,1.0,0.0,0.0,0.0,1.0
night,4,0.1,1.0,1.0,0.0,0.0,0.0,1.0
glare,1,60.0,0.0,0.0,1.0,0.0,0.0,1.0
glare,2,120.0,0.0,0.6666666666666666,1.0,0.0,0.0,1.0
glare,3,180.0,0.0,0.8333333333333334,1.0,0.0,0.0,1.0
glare,4,255.0,0.5,1.0,1.0,0.0,0.0,1.0
noise,1,5.0,0.0,0.0,0.0,1.0,0.0,1.0
noise,2,10.0,0.0,0.0,0.0,1.0,0.0,1.0
noise,3,20.0,0.0,0.0,0.0,1.0,0.0,1.0
noise,4,40.0,0.0,0.0,0.0,1.0,0.0,1.0
rain,1,200.0,0.0,0.0,0.0,0.0,0.0,0.0
rain,2,600.0,0.0,0.0,0.0,0.0,0.0,0.0
rain,3,1200.0,0.0,0.0,0.0,0.0,1.0,1.0
rain,4,2400.0,0.0,0.0,0.0,0.0,1.0,1.0
