img,cond,level,param,blur_score,sat_ratio,entropy,mean_gray,orb_kp
0,baseline,0,0.0,1020.6252112322383,0.018107096354166668,6.752350353676035,75.22306315104167,170
0,blur,1,1.0,784.3383997529745,0.017293294270833332,6.743450513207505,75.22163899739583,148
0,blur,2,2.0,145.10588145090472,0.0152587890625,6.69543432906328,75.2086181640625,75
0,blur,3,4.0,25.603146630856727,0.0115966796875,6.557313499405326,75.20393880208333,13
0,blur,4,8.0,3.5959825764099755,0.004801432291666667,6.276733975647592,75.19173177083333,0
0,night,1,0.6,369.0827968898747,0.0,6.018778601566648,44.7742919921875,59
0,night,2,0.35,126.2512757761611,0.0,5.264584284536604,25.917277018229168,12
0,night,3,0.2,42.23517343733047,0.0,4.474057037185295,14.580159505208334,0
0,night,4,0.1,11.353922405176695,0.0,3.498821821044047,7.213053385416667,0
0,glare,1,60.0,1015.6998091538748,0.0211181640625,7.066113005247544,105.987548828125,173
0,glare,2,120.0,992.1165426820517,0.030232747395833332,7.416174921198852,137.14400227864584,172
0,glare,3,180.0,853.7495235850414,0.0966796875,7.366784534431506,166.51668294270834,160
0,glare,4,255.0,574.8047291371557,0.3398030598958333,6.150783087908168,195.13033040364584,78
0,noise,1,5.0,1235.664645453294,0.014485677083333334,6.842484036600657,74.68546549479167,182
0,noise,2,10.0,1904.281941625807,0.010701497395833334,6.950988450015611,74.7078857421875,236
0,noise,3,20.0,4452.545836327804,0.0086669921875,7.12491168020949,74.77229817708333,455
0,noise,4,40.0,13389.365501720045,0.00634765625,7.347897815463063,75.97562662760417,704
0,rain,1,200.0,1072.452381869157,0.017049153645833332,6.789354215604437,76.17240397135417,198
0,rain,2,600.0,1176.5103674315744,0.018107096354166668,6.846597549902691,78.16678873697917,259
0,rain,3,1200.0,1287.1970631264978,0.01806640625,6.946349520144203,80.7535400390625,273
0,rain,4,2400.0,1468.3704500993092,0.0145263671875,7.086482783855578,85.69169108072917,383
1,baseline,0,0.0,743.8200639734665,0.0,6.611273105987896,67.70703125,179
1,blur,1,1.0,570.4548535330428,0.0,6.586518290073592,67.70719401041667,164
1,blur,2,2.0,88.0427448997895,0.0,6.481356889214015,67.71183268229167,98
1,blur,3,4.0,10.184715847174326,0.0,6.376531249682061,67.716552734375,16
1,blur,4,8.0,2.4412402841779923,0.0,6.205520303171061,67.73335774739583,0
1,night,1,0.6,269.2744328561756,0.0,5.8702583620298086,40.221435546875,76
1,night,2,0.35,92.5773011247317,0.0,5.106518008643025,23.211507161458332,8
1,night,3,0.2,31.279050820403626,0.0,4.31208077184626,13.1114501953125,0
1,night,4,0.1,8.739461248119673,0.0,3.303576971780969,6.399129231770833,0
1,glare,1,60.0,745.2095933341319,0.0,6.880350557864741,98.8583984375,178
1,glare,2,120.0,744.0067834787898,0.0108642578125,7.301635794045012,130.48116048177084,190
1,glare,3,180.0,698.6210000101063,0.055135091145833336,7.5338321015317025,160.9898681640625,175
1,glare,4,255.0,554.9495827290747,0.2784423828125,6.515171839770598,190.71822102864584,108
1,noise,1,5.0,973.1634313795302,0.0,6.6672838468447795,67.22607421875,206
1,noise,2,10.0,1626.0245932936668,0.0,6.748835516900812,67.25927734375,261
1,noise,3,20.0,4157.835453309947,0.0,6.878897131597576,67.30952962239583,424
1,noise,4,40.0,13265.684504864947,0.0,7.123411758899154,68.49190266927083,644
1,rain,1,200.0,801.7015342447494,0.0,6.658015218069841,68.79671223958333,211
1,rain,2,600.0,901.0163163592418,0.0,6.721105471799545,70.60026041666667,218
1,rain,3,1200.0,1049.5032574716543,0.0,6.80606360328097,73.4417724609375,276
1,rain,4,2400.0,1247.912880791558,0.0,6.915791054471831,78.34232584635417,374
2,baseline,0,0.0,734.8260290357802,0.0,6.7407439314850075,57.635579427083336,205
2,blur,1,1.0,555.2424086464777,0.0,6.721912491257756,57.632609049479164,182
2,blur,2,2.0,86.12192072967689,0.0,6.648723536276206,57.6461181640625,85
2,blur,3,4.0,12.079923138022423,0.0,6.577831387296002,57.65283203125,12
2,blur,4,8.0,2.683466671241654,0.0,6.483566377049889,57.651407877604164,0
2,night,1,0.6,266.2450059503317,0.0,6.000027229726986,34.258138020833336,75
2,night,2,0.35,91.1576626830631,0.0,5.241266149616693,19.689168294270832,10
2,night,3,0.2,30.897528765930065,0.0,4.422891706494065,11.038736979166666,1
2,night,4,0.1,8.627629278434648,0.0,3.453112961177524,5.398763020833333,0
2,glare,1,60.0,729.6846970170736,0.019287109375,6.97229925832602,88.55318196614583,206
2,glare,2,120.0,695.1726548257801,0.025105794270833332,7.285456042391605,119.00703938802083,206
2,glare,3,180.0,608.0123659769694,0.041097005208333336,7.541073121170816,148.95821126302084,186
2,glare,4,255.0,418.34025468925637,0.222412109375,6.907740005725981,181.96219889322916,101
2,noise,1,5.0,960.7813219957881,0.0,6.796421392387455,57.2064208984375,218
2,noise,2,10.0,1634.1612160404522,0.0,6.8733994707815045,57.243733723958336,274
2,noise,3,20.0,4071.04799330069,0.0,6.995198137701108,57.5577392578125,431
2,noise,4,40.0,12224.909376879534,0.0002848307291666667,7.174729464885696,59.944742838541664,616
2,rain,1,200.0,794.8327433913946,0.0,6.779201587144913,58.660481770833336,214
2,rain,2,600.0,897.2135828269853,0.0,6.846064184464819,60.5906982421875,259
2,rain,3,1200.0,1064.641087823444,0.0,6.933496473921286,63.494099934895836,268
2,rain,4,2400.0,1340.0149378180504,0.0,7.083003058742568,69.15218098958333,377
3,baseline,0,0.0,678.3484480232,0.0,6.9645395563741275,65.2677001953125,244
3,blur,1,1.0,520.5661557250552,0.0,6.954243030435888,65.26424153645833,218
3,blur,2,2.0,94.20660898420546,0.0,6.9178202638943045,65.27555338541667,97
3,blur,3,4.0,13.816607182224592,0.0,6.866349934085083,65.2735595703125,14
3,blur,4,8.0,2.6990956448846397,0.0,6.786810375249604,65.29093424479167,0
3,night,1,0.6,245.78161238133907,0.0,6.227146164608556,38.802042643229164,82
3,night,2,0.35,84.6395083649291,0.0,5.472632876925317,22.363362630208332,13
3,night,3,0.2,28.650236565205784,0.0,4.654220754037125,12.6522216796875,0
3,night,4,0.1,8.106726167930496,0.0,3.6997182565333184,6.1475830078125,0
3,glare,1,60.0,679.3547650161717,0.00146484375,7.356894185085515,96.41817220052083,243
3,glare,2,120.0,662.8236602081192,0.0447998046875,7.48113050326511,126.52457682291667,242
3,glare,3,180.0,581.5883774161339,0.09309895833333333,7.554771784488221,155.10750325520834,226
3,glare,4,255.0,397.06227744950183,0.2799886067708333,6.625794392523248,183.64607747395834,128
3,noise,1,5.0,906.19257389009,0.0,7.030213294386531,64.8394775390625,265
3,noise,2,10.0,1568.7624186873436,0.0,7.107818927090689,64.88875325520833,333
3,noise,3,20.0,4008.5037275933555,0.0,7.225144187169686,65.0087890625,511
3,noise,4,40.0,12237.455411374569,4.0690104166666664e-05,7.353340746749093,67.48372395833333,728
3,rain,1,200.0,729.3028796894683,0.0,6.99572108732727,66.2032470703125,256
3,rain,2,600.0,847.5965498222246,0.0,7.06393839188876,68.3394775390625,293
3,rain,3,1200.0,985.4049602333043,0.0,7.123927901889887,71.05179850260417,333
3,rain,4,2400.0,1266.1058724456361,0.0,7.235072061619476,76.65152994791667,391
4,baseline,0,0.0,783.1621320231093,0.0,6.551320726031881,66.13460286458333,189
4,blur,1,1.0,596.0421116087172,0.0,6.531051945484456,66.13134765625,162
4,blur,2,2.0,86.08169851700465,0.0,6.438034639551233,66.1163330078125,76
4,blur,3,4.0,9.939982081453005,0.0,6.341077880778491,66.11332194010417,3
4,blur,4,8.0,2.1836709909968905,0.0,6.288042823489919,66.10306803385417,0
4,night,1,0.6,283.5391637335221,0.0,5.80381883613589,39.26513671875,60
4,night,2,0.35,97.40464400582844,0.0,5.049125007327479,22.662353515625,10
4,night,3,0.2,32.60894878705343,0.0,4.251068816474641,12.789265950520834,0
4,night,4,0.1,9.015661383668581,0.0,3.297655828732334,6.360595703125,0
4,glare,1,60.0,769.487842399213,0.0404052734375,6.960016281950507,96.19478352864583,183
4,glare,2,120.0,716.2903634640907,0.051595052083333336,7.335650351047544,125.38728841145833,177
4,glare,3,180.0,506.33489602804184,0.10355631510416667,7.3591826476511715,153.2713623046875,153
4,glare,4,255.0,214.1439933511946,0.2762858072916667,6.456782877358606,181.09330240885416,64
4,noise,1,5.0,1003.8140817218358,0.0,6.622825991751238,65.60945638020833,199
4,noise,2,10.0,1690.7484507544175,0.00020345052083333334,6.7221738956554455,65.62471516927083,249
4,noise,3,20.0,4249.41777201328,0.0009358723958333334,6.914986922929335,65.59505208333333,425
4,noise,4,40.0,12793.805809615385,0.0026041666666666665,7.222875393390904,67.30074055989583,663
4,rain,1,200.0,841.434476368957,0.0,6.59972108390653,67.10542805989583,204
4,rain,2,600.0,951.9300496578217,0.0,6.693450729408765,69.14742024739583,247
4,rain,3,1200.0,1082.6591041866275,0.0,6.793114054699826,71.75191243489583,276
4,rain,4,2400.0,1322.780253885521,0.0,6.948860343029924,77.37422688802083,358
5,baseline,0,0.0,1018.6073590897851,0.0,6.9062980948368535,67.12068684895833,263
5,blur,1,1.0,781.7443578624062,0.0,6.890985082364921,67.12027994791667,239
5,blur,2,2.0,141.51996722320715,0.0,6.816306603785201,67.125244140625,121
5,blur,3,4.0,20.293462910585934,0.0,6.727130913761668,67.13484700520833,28
5,blur,4,8.0,3.2510963661803136,0.0,6.609968866285518,67.14066569010417,0
5,night,1,0.6,368.1586774190267,0.0,6.160946066561497,39.873779296875,113
5,night,2,0.35,126.39999600085947,0.0,5.404420660745331,23.0308837890625,30
5,night,3,0.2,42.228057170907654,0.0,4.591028522831058,12.974365234375,4
5,night,4,0.1,11.444376029902033,0.0,3.6046664638531762,6.384236653645833,0
5,glare,1,60.0,1006.9380312959353,0.040568033854166664,7.144137147956605,97.63399251302083,255
5,glare,2,120.0,935.3420435322655,0.049397786458333336,7.412227749866757,126.96895345052083,261
5,glare,3,180.0,793.5365787082247,0.0838623046875,7.5562208493949985,155.58573404947916,244
5,glare,4,255.0,539.5555834356281,0.2947591145833333,6.51522185386635,184.09269205729166,141
5,noise,1,5.0,1240.7383433828752,0.0,6.962665990204288,66.59965006510417,262
5,noise,2,10.0,1914.961403765612,0.0,7.033316877967224,66.70430501302083,357
5,noise,3,20.0,4475.474975571036,8.138020833333333e-05,7.158240861173016,66.85697428385417,491
5,noise,4,40.0,12669.736057890785,0.0010579427083333333,7.331846608427103,68.81656901041667,713
5,rain,1,200.0,1060.2218160563045,0.0,6.941404368151372,68.03483072916667,295
5,rain,2,600.0,1201.4338285062047,0.0,7.007523400468241,70.31245930989583,325
5,rain,3,1200.0,1317.5897125601768,0.0,7.071173019313504,73.0404052734375,364
5,rain,4,2400.0,1503.1334921105042,0.0,7.205707062688995,78.12841796875,388
6,baseline,0,0.0,589.9535573323568,0.0,6.538122115984194,62.666341145833336,124
6,blur,1,1.0,444.50004384252753,0.0,6.5166890077007,62.669637044270836,108
6,blur,2,2.0,66.22693538665771,0.0,6.432260345315196,62.682291666666664,58
6,blur,3,4.0,8.628555271360609,0.0,6.339116298515401,62.685221354166664,1
6,blur,4,8.0,2.255777829223209,0.0,6.197713718609533,62.710896809895836,0
6,night,1,0.6,213.5827814473046,0.0,5.78527485155024,37.2933349609375,48
6,night,2,0.35,73.44635762108697,0.0,5.03279877106486,21.511962890625,9
6,night,3,0.2,24.84223658343156,0.0,4.238907486923403,12.040852864583334,0
6,night,4,0.1,7.165689567724864,0.0,3.239058435311621,5.984456380208333,0
6,glare,1,60.0,591.0681531412735,0.017985026041666668,7.000900805663133,93.75020345052083,130
6,glare,2,120.0,558.6655886901749,0.0513916015625,7.2578915825041745,123.3074951171875,129
6,glare,3,180.0,471.5853951705826,0.07999674479166667,7.467747077901223,151.76631673177084,120
6,glare,4,255.0,309.03709886968136,0.24971516927083334,6.74062052195054,181.82576497395834,66
6,noise,1,5.0,819.6093271507158,0.0,6.589396091689433,62.319417317708336,125
6,noise,2,10.0,1475.2727108779882,0.0,6.678252675403182,62.234090169270836,164
6,noise,3,20.0,4052.076646604472,0.0,6.878367919810071,62.3719482421875,378
6,noise,4,40.0,12562.172537126477,4.0690104166666664e-05,7.179567133105309,64.25870768229167,626
6,rain,1,200.0,645.7409480412801,0.0,6.597606777080562,63.698689778645836,143
6,rain,2,600.0,758.6116535249685,0.0,6.6797413042901415,65.56514485677083,196
6,rain,3,1200.0,917.8707437896068,0.0,6.798201887892239,68.79248046875,231
6,rain,4,2400.0,1161.2189772857562,0.0,6.955638821908806,73.82779947916667,278
7,baseline,0,0.0,724.7596288902892,4.0690104166666664e-05,6.894244183439097,66.333984375,156
7,blur,1,1.0,558.8350168599022,0.0,6.87860284675676,66.333251953125,151
7,blur,2,2.0,98.52562798394096,0.0,6.810349738497935,66.3226318359375,89
7,blur,3,4.0,13.086793964107832,0.0,6.751365416396429,66.31453450520833,16
7,blur,4,8.0,2.6125341984960766,0.0,6.644629851333513,66.29622395833333,0
7,night,1,0.6,262.31165344847574,0.0,6.146314932999022,39.4248046875,83
7,night,2,0.35,90.34964593085978,0.0,5.396320404952027,22.750528971354168,29
7,night,3,0.2,30.301258111993473,0.0,4.587441647670882,12.8499755859375,10
7,night,4,0.1,8.474649109774164,0.0,3.621739863490627,6.289225260416667,0
7,glare,1,60.0,723.048931106925,0.000244140625,7.2306505412262,97.48002115885417,161
7,glare,2,120.0,685.4630205217335,0.07808430989583333,7.342912036522231,127.41357421875,159
7,glare,3,180.0,579.7408331616058,0.1258544921875,7.296237553551762,154.20003255208334,158
7,glare,4,255.0,354.1837775690688,0.2810465494791667,6.523273891765669,182.4993896484375,75
7,noise,1,5.0,948.6530874156289,8.138020833333333e-05,6.952575092468688,65.87406412760417,172
7,noise,2,10.0,1620.6939905865322,4.0690104166666664e-05,7.025916170003314,65.9549560546875,209
7,noise,3,20.0,4132.174586236477,0.0,7.171885745844973,66.242919921875,379
7,noise,4,40.0,12613.981442608769,8.138020833333333e-05,7.372462891652464,68.45304361979167,587
7,rain,1,200.0,782.1982292979956,4.0690104166666664e-05,6.933202113823597,67.30615234375,181
7,rain,2,600.0,879.3889026376937,4.0690104166666664e-05,6.987320592851342,69.0732421875,210
7,rain,3,1200.0,1045.8402911755772,4.0690104166666664e-05,7.078936002139706,71.96651204427083,264
7,rain,4,2400.0,1301.1694677256876,0.0,7.207609684278696,77.69087727864583,362
8,baseline,0,0.0,453.2224160416259,0.0,6.630366966527051,61.7935791015625,148
8,blur,1,1.0,347.2584346930186,0.0,6.616766470785951,61.796793619791664,135
8,blur,2,2.0,57.67896559337775,0.0,6.550628706486747,61.807454427083336,57
8,blur,3,4.0,8.417832968963518,0.0,6.483967280213682,61.8076171875,9
8,blur,4,8.0,2.260862666699621,0.0,6.387292918149564,61.8106689453125,0
8,night,1,0.6,164.59093097680145,0.0,5.886074107533533,36.6859130859375,50
8,night,2,0.35,56.98188955088457,0.0,5.138523278724265,21.2103271484375,13
8,night,3,0.2,19.490027267071937,0.0,4.30282275759488,11.914103190104166,4
8,night,4,0.1,5.733233981662327,0.0,3.37368973814234,5.891357421875,0
8,glare,1,60.0,454.6755744467179,4.0690104166666664e-05,7.102464851885362,92.94478352864583,147
8,glare,2,120.0,436.6158238897721,0.10152180989583333,7.232847620619811,122.8939208984375,153
8,glare,3,180.0,358.6102659685744,0.12764485677083334,7.242202047927032,148.71053059895834,143
8,glare,4,255.0,228.51501313845316,0.2711181640625,6.574942743906263,176.627685546875,55
8,noise,1,5.0,686.8788060545921,0.0,6.6886552524871625,61.337687174479164,150
8,noise,2,10.0,1332.7836034281386,0.0,6.769540563440666,61.3475341796875,204
8,noise,3,20.0,3827.1800922552743,0.0,6.971275379447399,61.644816080729164,347
8,noise,4,40.0,12140.193023516074,8.138020833333333e-05,7.267959783410257,64.04142252604167,610
8,rain,1,200.0,512.6595091405842,0.0,6.671169223663545,62.783854166666664,178
8,rain,2,600.0,611.7709774904781,0.0,6.765564551746408,64.5537109375,186
8,rain,3,1200.0,804.2966581715478,0.0,6.868509327240785,67.63932291666667,254
8,rain,4,2400.0,1037.0568965209854,0.0,7.082958238123094,73.13802083333333,315
9,baseline,0,0.0,626.3944420797958,0.0,6.65063421307335,56.968180338541664,195
9,blur,1,1.0,479.25334546301093,0.0,6.633667773968974,56.964925130208336,175
9,blur,2,2.0,84.24232148461873,0.0,6.558748108822783,56.963704427083336,92
9,blur,3,4.0,12.187436645229658,0.0,6.474821772959636,56.955403645833336,18
9,blur,4,8.0,2.7644379917118287,0.0,6.334973063891064,56.937784830729164,0
9,night,1,0.6,226.89648254546853,0.0,5.914533336645633,33.806355794270836,86
9,night,2,0.35,78.42162407769096,0.0,5.1579345440203825,19.509928385416668,25
9,night,3,0.2,26.630570703082615,0.0,4.33115432079953,10.951497395833334,3
9,night,4,0.1,7.677883121702405,0.0,3.358608307364022,5.396158854166667,0
9,glare,1,60.0,625.4518965466154,0.011515299479166666,6.923303569277145,88.0712890625,190
9,glare,2,120.0,601.9538196722666,0.026896158854166668,7.235235878781042,118.6925048828125,194
9,glare,3,180.0,535.1120604260101,0.039794921875,7.51575783423641,148.6795654296875,186
9,glare,4,255.0,409.8759358707402,0.20609537760416666,6.953422052395354,182.0074462890625,116
9,noise,1,5.0,846.7427210211754,0.0,6.705056449382812,56.508341471354164,210
9,noise,2,10.0,1523.6602355043094,0.0,6.784084888399512,56.45751953125,238
9,noise,3,20.0,4006.3111467344893,0.0,6.930860128381729,56.812418619791664,389
9,noise,4,40.0,12128.735170046488,8.138020833333333e-05,7.144930463351326,59.478108723958336,650
9,rain,1,200.0,688.5423777484231,0.0,6.68857691962873,57.9144287109375,208
9,rain,2,600.0,803.0163445853524,0.0,6.776277623158366,59.942097981770836,220
9,rain,3,1200.0,976.9776524951061,0.0,6.876891623988435,63.018961588541664,276
9,rain,4,2400.0,1262.2597161117528,0.0,7.044038427440239,68.92948404947917,324
10,baseline,0,0.0,667.0704231113195,0.0,6.755443072619236,60.649454752604164,241
10,blur,1,1.0,502.8191649052831,0.0,6.738854075999615,60.648274739583336,219
10,blur,2,2.0,75.51965179542701,0.0,6.666880967829712,60.649943033854164,104
10,blur,3,4.0,10.303503511680496,0.0,6.593173155285312,60.657145182291664,11
10,blur,4,8.0,2.3671050005488925,0.0,6.512929107536666,60.6624755859375,0
10,night,1,0.6,241.6186303148667,0.0,6.014627666428712,36.0330810546875,97
10,night,2,0.35,83.28338712950547,0.0,5.265687054673687,20.7972412109375,17
10,night,3,0.2,28.216431178980404,0.0,4.43645187533396,11.662027994791666,3
10,night,4,0.1,7.926215130421849,0.0,3.4845451331173765,5.771565755208333,0
10,glare,1,60.0,667.2241789483362,4.0690104166666664e-05,7.16392778836802,91.80049641927083,236
10,glare,2,120.0,649.8928412447373,0.023152669270833332,7.514201818702993,123.19925944010417,238
10,glare,3,180.0,590.4405923270517,0.06819661458333333,7.555197940142087,152.9599609375,227
10,glare,4,255.0,389.13459428151447,0.2747395833333333,6.58156854883034,183.26273600260416,106
10,noise,1,5.0,891.0015729268392,0.0,6.819459500770851,60.260904947916664,255
10,noise,2,10.0,1522.8140915483236,0.0,6.901976289121797,60.222696940104164,291
10,noise,3,20.0,4114.082841341694,0.0,7.0302041944249485,60.567138671875,419
10,noise,4,40.0,12357.755286479989,4.0690104166666664e-05,7.227992702058005,62.921630859375,643
10,rain,1,200.0,725.3259569654862,0.0,6.794435887701737,61.5535888671875,250
10,rain,2,600.0,840.284274973803,0.0,6.889135883254039,63.677449544270836,271
10,rain,3,1200.0,1007.0092770506939,0.0,6.9688564689504116,66.73347981770833,323
10,rain,4,2400.0,1268.8879182537396,0.0,7.102961140614919,72.0355224609375,395
11,baseline,0,0.0,571.5746299806568,0.0,6.881085325450403,65.234130859375,238
11,blur,1,1.0,432.2755444579654,0.0,6.867118970422958,65.2333984375,209
11,blur,2,2.0,68.31216581496928,0.0,6.793972147778154,65.24772135416667,88
11,blur,3,4.0,9.86335356367959,0.0,6.724887312072738,65.26192220052083,13
11,blur,4,8.0,2.5163970771763062,0.0,6.608209944884718,65.27421061197917,0
11,night,1,0.6,207.30682330661352,0.0,6.134482064440618,38.819620768229164,82
11,night,2,0.35,71.47276295555963,0.0,5.387637648203567,22.408203125,7
11,night,3,0.2,24.277402851316662,0.0,4.574035658101158,12.578084309895834,0
11,night,4,0.1,7.094805022080739,0.0,3.581360982411533,6.1796875,0
11,glare,1,60.0,573.462328829699,0.00048828125,7.274171284131462,96.38533528645833,240
11,glare,2,120.0,562.2826989425554,0.080322265625,7.292119026686738,126.02180989583333,240
11,glare,3,180.0,471.48643766343594,0.12337239583333333,7.317694981117603,152.49458821614584,195
11,glare,4,255.0,309.04409519169064,0.2676188151041667,6.651254194652857,180.39310709635416,88
11,noise,1,5.0,799.9180964214935,0.0,6.924792731995944,64.86763509114583,245
11,noise,2,10.0,1473.7017929934793,0.0,6.98318535694497,64.8768310546875,298
11,noise,3,20.0,3974.3833378536833,0.0,7.096451191612182,65.1514892578125,468
11,noise,4,40.0,12247.396133447686,8.138020833333333e-05,7.300273329552407,67.18062337239583,681
11,rain,1,200.0,635.0261216941807,0.0,6.9199370265027955,66.27030436197917,240
11,rain,2,600.0,740.7805710219676,0.0,6.977324601218891,68.1785888671875,274
11,rain,3,1200.0,875.0796152750651,0.0,7.073559807498662,71.05733235677083,309
11,rain,4,2400.0,1167.7662219934994,0.0,7.198976048533022,76.507080078125,361
