cond,level,param,blur_score,sat_ratio,entropy,mean_gray,orb_kp,d_blur_score_%,d_sat_ratio_%,d_entropy_%,d_mean_gray_%,d_orb_kp_%
baseline,0,0.0,717.6970284011353,0.0015123155381944447,6.739701803790428,64.39452785915799,196.0,0.0,0.0,4.440892098500626e-14,2.220446049250313e-14,0.0
blur,1,1.0,547.7774864458651,0.0014411078559027778,6.7233217082049235,64.39363267686632,175.83333333333334,-23.675664692915344,-4.708520179372211,-0.24303887712494587,-0.001390152737223982,-10.289115646258495
blur,2,2.0,90.96537415531498,0.0012715657552083333,6.650876356376231,64.39645385742188,86.66666666666667,-87.32537957444731,-15.919282511210787,-1.317943285921619,0.002990934677105095,-55.78231292517006
blur,3,4.0,12.867109476278225,0.0009663899739583334,6.567797175037652,64.39807467990451,12.833333333333334,-98.20716695665534,-36.098654708520186,-2.5506266264791466,0.0055079536483093605,-93.45238095238095
blur,4,8.0,2.6359722748122834,0.00040011935763888893,6.44469927710822,64.40028550889757,0.0,-99.63271796168857,-73.54260089686099,-4.377085741631703,0.00894120965089229,-100.0
night,1,0.6,259.86574927248336,0.0,5.996856851685595,38.27149454752604,75.91666666666667,-63.791720044960364,-100.0,-11.021926098971512,-40.56716336016556,-61.26700680272108
night,2,0.35,89.36550460176336,0.0,5.243120724119437,22.08856201171875,15.25,-87.5482966954943,-100.0,-22.20544948782909,-65.69807599175155,-92.21938775510205
night,3,0.2,30.13807685355897,0.0,4.431346779607688,12.428561740451388,2.0833333333333335,-95.80072430831994,-100.0,-34.25010618250962,-80.69935108828686,-98.93707482993197
night,4,0.1,8.446687703883207,0.0,3.4597128969132407,6.117984347873264,0.0,-98.82308448138618,-100.0,-48.666676989069614,-90.49921701226793,-100.0
glare,1,60.0,715.1088167696639,0.012763129340277778,7.089602439748521,95.33985053168402,195.16666666666666,-0.3606273300639562,743.946188340807,5.191633786546923,48.05582663826473,-0.42517006802721413
glare,2,120.0,686.7188200960281,0.047780354817708336,7.34229027713599,125.58679877387152,196.75,-4.316335038215158,3059.417040358744,8.94087736948046,95.02712877800997,0.3826530612244916
glare,3,180.0,587.4015272034816,0.08652411566840278,7.442225206128711,154.10336303710938,181.08333333333334,-18.15466639006744,5621.300448430493,10.423657051758362,139.3112709424009,-7.610544217687066
glare,4,255.0,391.5539113094133,0.2701687282986111,6.5997146675544975,183.6049126519097,93.83333333333333,-45.443007868974206,17764.573991031386,-2.077052372809707,185.12502343908096,-52.12585034013606
noise,1,5.0,942.7631674011549,0.0012139214409722222,6.80015247258082,63.944549560546875,207.41666666666666,31.35949155333908,-19.730941704035885,0.896933878534445,-0.6987834425858042,5.824829931972775
noise,2,10.0,1607.3222040921726,0.0009121365017361111,6.881624090143728,63.960191514756936,259.5,123.95553283436587,-39.68609865470854,2.105765069212473,-0.6744926297945764,32.39795918367348
noise,3,20.0,4126.752867428517,0.0008070203993055555,7.03136862335846,64.1575927734375,426.4166666666667,474.99929693480516,-46.636771300448444,4.327592348432985,-0.3679428883129554,117.55952380952381
noise,4,40.0,12552.59918796423,0.0008951822916666666,7.253940674245398,66.19557020399306,655.4166666666666,1649.0108905604006,-40.807174887892394,7.6299944036954725,2.796887258455061,234.39625850340136
rain,1,200.0,774.1199145423317,0.0014241536458333333,6.7806954590504445,65.37501017252605,214.83333333333334,7.861658040704667,-5.829596412556071,0.608241380011254,1.5226174427624528,9.60884353741498
rain,2,600.0,884.1294515698596,0.0015123155381944447,6.854503690371001,67.34561157226562,246.5,23.189788529499378,0.0,1.7033674474441929,4.582817533132921,25.765306122448983
rain,3,1200.0,1034.5057852799418,0.0015089246961805557,6.944923307579994,70.22846815321181,287.25,44.14240889147667,-0.22421524663678305,3.044964150701013,9.05968331162188,46.5561224489796
rain,4,2400.0,1278.8897570868332,0.0012105305989583333,7.088924893775595,75.62242974175346,358.8333333333333,78.19354218811618,-19.95515695067267,5.181580730897717,17.43611181862046,83.07823129251699
